miRNA,Sequence
hsa-miR-139-5p,UCUACAGUGCACGUGUCUCCAGU
hsa-miR-384,AUUCCUAGAAAUUGUUCAUA
hsa-miR-494-3p,UGAAACAUACACGGGAAACCUC
hsa-miR-335-5p,UCAAGAGCAAUAACGAAAAAUGU
hsa-miR-504-3p,GGGAGUGCAGGGCAGGGUUUC
hsa-miR-215-5p,AUGACCUAUGAAUUGACAGAC
hsa-miR-106a-5p,AAAAGUGCUUACAGUGCAGGUAG
hsa-miR-491-5p,AGUGGGGAACCCUUCCAUGAGG
hsa-miR-340-5p,UUAUAAAGCAAUGAGACUGAUU
hsa-miR-346,UGUCUGCCCGCAUGCCUGCCUCU
hsa-miR-378a-3p,ACUGGACUUGGAGUCAGAAGGC
hsa-miR-192-5p,CUGACCUAUGAAUUGACAGCC
hsa-miR-30e-5p,UGUAAACAUCCUUGACUGGAAG
hsa-miR-10a-5p,UACCCUGUAGAUCCGAAUUUGUG
hsa-miR-132-3p,UAACAGUCUACAGCCAUGGUCG
hsa-miR-23b-3p,AUCACAUUGCCAGGGAUUACCAC
hsa-miR-544a,AUUCUGCAUUUUUAGCAAGUUC
hsa-miR-361-5p,UUAUCAGAAUCUCCAGGGGUAC
hsa-miR-204-5p,UUCCCUUUGUCAUCCUAUGCCU
hsa-miR-154-3p,AAUCAUACACGGUUGACCUAUU
hsa-miR-217-5p,UACUGCAUCAGGAACUGAUUGGA
hsa-miR-28-5p,AAGGAGCUCACAGUCUAUUGAG
hsa-miR-299-5p,UGGUUUACCGUCCCACAUACAU
hsa-miR-4295,CAGUGCAAUGUUUUCCUU
hsa-miR-203a-3p,GUGAAAUGUUUAGGACCACUAG
hsa-miR-874-3p,CUGCCCUGGCCCGAGGGACCGA
hsa-miR-222-3p,AGCUACAUCUGGCUACUGGGU
hsa-miR-107,AGCAGCAUUGUACAGGGCUAUCA
hsa-miR-29b-1-5p,GCUGGUUUCAUAUGGUGGUUUAGA
hsa-miR-202-5p,UUCCUAUGCAUAUACUUCUUUG
hsa-miR-155-5p,UUAAUGCUAAUCGUGAUAGGGGUU
hsa-miR-520c-3p,AAAGUGCUUCCUUUUAGAGGGU
hsa-miR-4782-3p,UGAUUGUCUUCAUAUCUAGAAC
hsa-miR-196a-5p,UAGGUAGUUUCAUGUUGUUGGG
hsa-miR-106b-5p,UAAAGUGCUGACAGUGCAGAU
hsa-miR-326,CCUCUGGGCCCUUCCUCCAG
hsa-miR-761,GCAGCAGGGUGAAACUGACACA
hsa-miR-181d-5p,AACAUUCAUUGUUGUCGGUGGGU
hsa-miR-382-5p,GAAGUUGUUCGUGGUGGAUUCG
hsa-miR-9-5p,UCUUUGGUUAUCUAGCUGUAUGA
hsa-miR-212-3p,UAACAGUCUCCAGUCACGGCC
hsa-miR-148a-3p,UCAGUGCACUACAGAACUUUGU
hsa-miR-181b-2-3p,CUCACUGAUCAAUGAAUGCA
hsa-miR-9-3p,AUAAAGCUAGAUAACCGAAAGU
hsa-miR-4644,UGGAGAGAGAAAAGAGACAGAAG
hsa-miR-374a-3p,CUUAUCAGAUUGUAUUGUAAUU
hsa-miR-4262,GACAUUCAGACUACCUG
hsa-let-7b-5p,UGAGGUAGUAGGUUGUGUGGUU
hsa-miR-7-1-3p,CAACAAAUCACAGUCUGCCAUA
hsa-miR-299-3p,UAUGUGGGAUGGUAAACCGCUU
hsa-miR-133a-3p,UUUGGUCCCCUUCAACCAGCUG
hsa-miR-1271-5p,CUUGGCACCUAGCAAGCACUCA
hsa-miR-339-5p,UCCCUGUCCUCCAGGAGCUCACG
hsa-miR-212-5p,ACCUUGGCUCUAGACUGCUUACU
hsa-miR-4306,UGGAGAGAAAGGCAGUA
hsa-miR-185-5p,UGGAGAGAAAGGCAGUUCCUGA
hsa-miR-208a-3p,AUAAGACGAGCAAAAAGCUUGU
hsa-miR-181a-5p,AACAUUCAACGCUGUCGGUGAGU
hsa-miR-30c-1-3p,CUGGGAGAGGGUUGUUUACUCC
hsa-miR-125b-1-3p,ACGGGUUAGGCUCUUGGGAGCU
hsa-miR-195-5p,UAGCAGCACAGAAAUAUUGGC
hsa-miR-3619-5p,UCAGCAGGCAGGCUGGUGCAGC
hsa-miR-520e-3p,AAAGUGCUUCCUUUUUGAGGG
hsa-miR-16-2-3p,CCAAUAUUACUGUGCUGCUUUA
hsa-miR-136-5p,ACUCCAUUUGUUUUGAUGAUGGA
hsa-miR-329-3p,AACACACCUGGUUAACCUCUUU
hsa-miR-141-3p,UAACACUGUCUGGUAAAGAUGG
hsa-miR-210-3p,CUGUGCGUGUGACAGCGGCUGA
hsa-miR-4770,UGAGAUGACACUGUAGCU
hsa-miR-19b-2-5p,AGUUUUGCAGGUUUGCAUUUCA
hsa-miR-503-5p,UAGCAGCGGGAACAGUUCUGCAG
hsa-miR-126-5p,CAUUAUUACUUUUGGUACGCG
hsa-miR-23c,AUCACAUUGCCAGUGAUUACCC
hsa-miR-376a-3p,AUCAUAGAGGAAAAUCCACGU
hsa-miR-520a-5p,CUCCAGAGGGAAGUACUUUCU
hsa-miR-21-5p,UAGCUUAUCAGACUGAUGUUGA
hsa-miR-485-5p,AGAGGCUGGCCGUGAUGAAUUC
hsa-miR-519d-3p,CAAAGUGCCUCCCUUUAGAGUG
hsa-miR-33a-5p,GUGCAUUGUAGUUGCAUUGCA
hsa-miR-193b-3p,AACUGGCCCUCAAAGUCCCGCU
hsa-let-7g-5p,UGAGGUAGUAGUUUGUACAGUU
hsa-miR-183-5p,UAUGGCACUGGUAGAAUUCACU
hsa-miR-4500,UGAGGUAGUAGUUUCUU
hsa-let-7a-2-3p,CUGUACAGCCUCCUAGCUUUCC
hsa-miR-374b-5p,AUAUAAUACAACCUGCUAAGUG
hsa-miR-708-5p,AAGGAGCUUACAAUCUAGCUGGG
hsa-miR-138-2-3p,GCUAUUUCACGACACCAGGGUU
hsa-miR-125a-5p,UCCCUGAGACCCUUUAACCUGUGA
hsa-miR-103a-3p,AGCAGCAUUGUACAGGGCUAUGA
hsa-miR-613,AGGAAUGUUCCUUCUUUGCC
hsa-miR-378h,ACUGGACUUGGUGUCAGAUGG
hsa-miR-214-3p,ACAGCAGGCACAGACAGGCAGU
hsa-miR-206,UGGAAUGUAAGGAAGUGUGUGG
hsa-miR-135a-5p,UAUGGCUUUUUAUUCCUAUGUGA
hsa-miR-98-5p,UGAGGUAGUAAGUUGUAUUGUU
hsa-miR-140-3p,UACCACAGGGUAGAACCACGG
hsa-miR-145-5p,GUCCAGUUUUCCCAGGAAUCCCU
hsa-miR-367-3p,AAUUGCACUUUAGCAAUGGUGA
hsa-miR-216b-5p,AAAUCUCUGCAGGCAAAUGUGA
hsa-miR-365a-3p,UAAUGCCCCUAAAAAUCCUUAU
hsa-miR-3666,CAGUGCAAGUGUAGAUGCCGA
hsa-miR-330-3p,GCAAAGCACACGGCCUGCAGAGA
hsa-miR-411-3p,UAUGUAACACGGUCCACUAACC
hsa-miR-199a-5p,CCCAGUGUUCAGACUACCUGUUC
hsa-miR-29a-3p,UAGCACCAUCUGAAAUCGGUUA
hsa-miR-92a-1-5p,AGGUUGGGAUCGGUUGCAAUGCU
hsa-miR-129-2-3p,AAGCCCUUACCCCAAAAAGCAU
hsa-miR-421,AUCAACAGACAUUAAUUGGGCGC
hsa-miR-873-5p,GCAGGAACUUGUGAGUCUCCU
hsa-miR-448,UUGCAUAUGUAGGAUGUCCCAU
hsa-miR-16-1-3p,CCAGUAUUAACUGUGCUGCUGA
hsa-miR-17-5p,CAAAGUGCUUACAGUGCAGGUAG
hsa-miR-1-3p,UGGAAUGUAAAGAAGUAUGUAU
hsa-miR-429,UAAUACUGUCUGGUAAAACCGU
hsa-miR-449a,UGGCAGUGUAUUGUUAGCUGGU
hsa-miR-193a-5p,UGGGUCUUUGCGGGCGAGAUGA
hsa-miR-150-5p,UCUCCCAACCCUUGUACCAGUG
hsa-miR-506-5p,UAUUCAGGAAGGUGUUACUUAA
hsa-miR-615-3p,UCCGAGCCUGGGUCUCCCUCUU
hsa-miR-101-2-5p,UCGGUUAUCAUGGUACCGAUGC
hsa-miR-758-3p,UUUGUGACCUGGUCCACUAACC
hsa-miR-101-3p,UACAGUACUGUGAUAACUGAA
hsa-miR-200a-3p,UAACACUGUCUGGUAACGAUGU
hsa-miR-30b-5p,UGUAAACAUCCUACACUCAGCU
hsa-miR-199a-3p,ACAGUAGUCUGCACAUUGGUUA
hsa-miR-32-5p,UAUUGCACAUUACUAAGUUGCA
hsa-miR-27a-3p,UUCACAGUGGCUAAGUUCCGC
hsa-miR-410-3p,AAUAUAACACAGAUGGCCUGU
hsa-miR-599,GUUGUGUCAGUUUAUCAAAC
hsa-miR-296-5p,AGGGCCCCCCCUCAAUCCUGU
hsa-miR-1297,UUCAAGUAAUUCAGGUG
hsa-miR-184,UGGACGGAGAACUGAUAAGGGU
hsa-miR-539-3p,AUCAUACAAGGACAAUUUCUUU
hsa-miR-424-5p,CAGCAGCAAUUCAUGUUUUGAA
hsa-miR-22-3p,AAGCUGCCAGUUGAAGAACUGU
hsa-miR-328-3p,CUGGCCCUCUCUGCCCUUCCGU
hsa-let-7f-1-3p,CUAUACAAUCUAUUGCCUUCCC
hsa-miR-152-3p,UCAGUGCAUGACAGAACUUGG
hsa-miR-454-3p,UAGUGCAAUAUUGCUUAUAGGGU
hsa-miR-10b-5p,UACCCUGUAGAACCGAAUUUGUG
hsa-miR-216a-3p,UCACAGUGGUCUCUGGGAUUAU
hsa-miR-29c-3p,UAGCACCAUUUGAAAUCGGUUA
hsa-miR-143-3p,UGAGAUGAAGCACUGUAGCUC
hsa-miR-499a-5p,UUAAGACUUGCAGUGAUGUUU
hsa-miR-451a,AAACCGUUACCAUUACUGAGUU
hsa-miR-30c-2-3p,CUGGGAGAAGGCUGUUUACUCU
hsa-miR-142-5p,CAUAAAGUAGAAAGCACUACU
hsa-miR-218-5p,UUGUGCUUGAUCUAACCAUGU
hsa-miR-485-3p,GUCAUACACGGCUCUCCUCUCU
hsa-miR-302a-3p,UAAGUGCUUCCAUGUUUUGGUGA
hsa-miR-132-5p,ACCGUGGCUUUCGAUUGUUACU
hsa-miR-144-5p,GGAUAUCAUCAUAUACUGUAAG
hsa-miR-320d,AAAAGCUGGGUUGAGAGGA
hsa-miR-182-5p,UUUGGCAAUGGUAGAACUCACACU
hsa-miR-455-5p,UAUGUGCCUUUGGACUACAUCG
hsa-miR-505-3p,CGUCAACACUUGCUGGUUUCCU
hsa-miR-135a-2-3p,AUGUAGGGAUGGAAGCCAUGAA
hsa-miR-4458,AGAGGUAGGUGUGGAAGAA
hsa-miR-26b-5p,UUCAAGUAAUUCAGGAUAGGU
hsa-miR-92b-3p,UAUUGCACUCGUCCCGGCCUCC
hsa-miR-378i,ACUGGACUAGGAGUCAGAAGG
hsa-miR-370-3p,GCCUGCUGGGGUGGAACCUGGU
hsa-miR-873-3p,GGAGACUGAUGAGUUCCCGGGA
hsa-miR-520b-3p,AAAGUGCUUCCUUUUAGAGGG
hsa-miR-187-3p,UCGUGUCUUGUGUUGCAGCCGG
hsa-miR-496,UGAGUAUUACAUGGCCAAUCUC
hsa-miR-302c-3p,UAAGUGCUUCCAUGUUUCAGUGG
hsa-miR-450a-2-3p,AUUGGGGACAUUUUGCAUUCAU
hsa-miR-376a-2-5p,GGUAGAUUUUCCUUCUAUGGU
hsa-miR-134-5p,UGUGACUGGUUGACCAGAGGGG
hsa-miR-24-2-5p,UGCCUACUGAGCUGAAACACAG
hsa-miR-208b-3p,AUAAGACGAACAAAAGGUUUGU
hsa-miR-153-3p,UUGCAUAGUCACAAAAGUGAUC
hsa-miR-138-1-3p,GCUACUUCACAACACCAGGGCC
hsa-miR-324-3p,CCCACUGCCCCAGGUGCUGCUGG
hsa-miR-34a-5p,UGGCAGUGUCUUAGCUGGUUGU
hsa-miR-378c,ACUGGACUUGGAGUCAGAAGAGUGG
hsa-miR-103a-2-5p,AGCUUCUUUACAGUGCUGCCUUG
hsa-miR-379-3p,UAUGUAACAUGGUCCACUAACU
hsa-miR-490-3p,CAACCUGGAGGACUCCAUGCUG
hsa-miR-193a-3p,AACUGGCCUACAAAGUCCCAGU
hsa-miR-433-3p,AUCAUGAUGGGCUCCUCGGUGU
hsa-miR-320a-3p,AAAAGCUGGGUUGAGAGGGCGA
hsa-miR-376b-3p,AUCAUAGAGGAAAAUCCAUGUU
hsa-miR-302b-3p,UAAGUGCUUCCAUGUUUUAGUAG
hsa-miR-186-5p,CAAAGAAUUCUCCUUUUGGGCU
hsa-miR-181c-5p,AACAUUCAACCUGUCGGUGAGU
hsa-miR-128-1-5p,CGGGGCCGUAGCACUGUCUGAGA
hsa-miR-378f,ACUGGACUUGGAGCCAGAAG
hsa-miR-520d-3p,AAAGUGCUUCUCUUUGGUGGGU
hsa-miR-7-5p,UGGAAGACUAGUGAUUUUGUUGUU
hsa-miR-154-5p,UAGGUUAUCCGUGUUGCCUUCG
hsa-miR-149-5p,UCUGGCUCCGUGUCUUCACUCCC
hsa-miR-450a-1-3p,AUUGGGAACAUUUUGCAUGUAU
hsa-miR-148b-3p,UCAGUGCAUCACAGAACUUUGU
hsa-miR-128-2-5p,GGGGGCCGAUACACUGUACGAGA
hsa-miR-383-5p,AGAUCAGAAGGUGAUUGUGGCU
hsa-miR-371a-3p,AAGUGCCGCCAUCUUUUGAGUGU
hsa-miR-137-3p,UUAUUGCUUAAGAAUACGCGUAG
hsa-miR-7-2-3p,CAACAAAUCCCAGUCUACCUAA
hsa-miR-30d-5p,UGUAAACAUCCCCGACUGGAAG
hsa-miR-15a-5p,UAGCAGCACAUAAUGGUUUGUG
hsa-miR-214-5p,UGCCUGUCUACACUUGCUGUGC
hsa-miR-196a-1-3p,CAACAACAUUAAACCACCCGA
hsa-miR-125b-2-3p,UCACAAGUCAGGCUCUUGGGAC
hsa-miR-30a-5p,UGUAAACAUCCUCGACUGGAAG
hsa-miR-372-3p,AAAGUGCUGCGACAUUUGAGCGU
hsa-miR-520c-5p,CUCUAGAGGGAAGCACUUUCUG
hsa-miR-300,UAUACAAGGGCAGACUCUCUCU
hsa-miR-135b-5p,UAUGGCUUUUCAUUCCUAUGUGA
hsa-miR-422a,ACUGGACUUAGGGUCAGAAGGC
hsa-miR-379-5p,UGGUAGACUAUGGAACGUAGG
hsa-miR-25-3p,CAUUGCACUUGUCUCGGUCUGA
hsa-miR-93-5p,CAAAGUGCUGUUCGUGCAGGUAG
hsa-miR-218-1-3p,AUGGUUCCGUCAAGCACCAUGG
hsa-let-7d-5p,AGAGGUAGUAGGUUGCAUAGUU
hsa-miR-520a-3p,AAAGUGCUUCCCUUUGGACUGU
hsa-miR-205-5p,UCCUUCAUUCCACCGGAGUCUG
hsa-miR-302d-3p,UAAGUGCUUCCAUGUUUGAGUGU
hsa-let-7f-2-3p,CUAUACAGUCUACUGUCUUUCC
hsa-miR-371a-5p,ACUCAAACUGUGGGGGCACU
hsa-miR-378d,ACUGGACUUGGAGUCAGAAA
hsa-miR-378b,ACUGGACUUGGAGGCAGAA
hsa-miR-377-3p,AUCACACAAAGGCAACUUUUGU
hsa-miR-194-5p,UGUAACAGCAACUCCAUGUGGA
hsa-miR-146a-5p,UGAGAACUGAAUUCCAUGGGUU
hsa-miR-96-5p,UUUGGCACUAGCACAUUUUUGCU
hsa-miR-31-5p,AGGCAAGAUGCUGGCAUAGCU
hsa-miR-200c-3p,UAAUACUGCCGGGUAAUGAUGGA
hsa-miR-381-3p,UAUACAAGGGCAAGCUCUCUGU
hsa-miR-191-5p,CAACGGAAUCCCAAAAGCAGCUG
hsa-miR-140-5p,CAGUGGUUUUACCCUAUGGUAG
hsa-miR-122-5p,UGGAGUGUGACAAUGGUGUUUG
hsa-miR-221-3p,AGCUACAUUGUCUGCUGGGUUUC
hsa-miR-520d-5p,CUACAAAGGGAAGCCCUUUC
hsa-let-7e-5p,UGAGGUAGGAGGUUGUAUAGUU
hsa-miR-33b-5p,GUGCAUUGCUGUUGCAUUGC
hsa-miR-488-3p,UUGAAAGGCUAUUUCUUGGUC
hsa-miR-18b-5p,UAAGGUGCAUCUAGUGCAGUUAG
hsa-miR-362-5p,AAUCCUUGGAACCUAGGUGUGAGU
hsa-miR-190b-5p,UGAUAUGUUUGAUAUUGGGUUG
hsa-miR-320b,AAAAGCUGGGUUGAGAGGGCAA
hsa-miR-211-5p,UUCCCUUUGUCAUCCUUCGCCU
hsa-miR-92a-2-5p,GGGUGGGGAUUUGUUGCAUUAC
hsa-miR-301b-3p,CAGUGCAAUGAUAUUGUCAAAGC
hsa-miR-4319,UCCCUGAGCAAAGCCAC
hsa-miR-342-3p,UCUCACACAGAAAUCGCACCCGU
hsa-miR-495-3p,AAACAAACAUGGUGCACUUCUU
hsa-miR-129-1-3p,AAGCCCUUACCCCAAAAAGUAU
hsa-miR-130a-5p,GCUCUUUUCACAUUGUGCUACU
hsa-miR-431-5p,UGUCUUGCAGGCCGUCAUGCA
hsa-miR-320c,AAAAGCUGGGUUGAGAGGGU
hsa-miR-449b-5p,AGGCAGUGUAUUGUUAGCUGGC
hsa-miR-27b-3p,UUCACAGUGGCUAAGUUCUGC
hsa-miR-378e,ACUGGACUUGGAGUCAGGA
hsa-miR-124-3p,UAAGGCACGCGGUGAAUGCCAA
hsa-miR-876-5p,UGGAUUUCUUUGUGAAUCACCA
hsa-miR-29b-2-5p,CUGGUUUCACAUGGUGGCUUAG
hsa-miR-23a-3p,AUCACAUUGCCAGGGAUUUCC
hsa-miR-374a-5p,UUAUAAUACAACCUGAUAAGUG
hsa-miR-542-3p,UGUGACAGAUUGAUAACUGAAA
hsa-miR-425-5p,AAUGACACGAUCACUCCCGUUGA
hsa-miR-144-3p,UACAGUAUAGAUGAUGUACU
hsa-miR-26a-1-3p,CCUAUUCUUGGUUACUUGCACG
hsa-miR-302e,UAAGUGCUUCCAUGCUU
hsa-miR-362-3p,AACACACCUAUUCAAGGAUUCA
hsa-miR-146b-5p,UGAGAACUGAAUUCCAUAGGCUG
hsa-miR-142-3p,UGUAGUGUUUCCUACUUUAUGGA
hsa-miR-18a-5p,UAAGGUGCAUCUAGUGCAGAUAG
hsa-miR-4465,CUCAAGUAGUCUGACCAGGGGA
hsa-miR-370-5p,CAGGUCACGUCUCUGCAGUUAC
hsa-miR-338-3p,UCCAGCAUCAGUGAUUUUGUUG
hsa-miR-20a-5p,UAAAGUGCUUAUAGUGCAGGUAG
hsa-miR-19b-1-5p,AGUUUUGCAGGUUUGCAUCCAGC
hsa-miR-224-3p,AAAAUGGUGCCCUAGUGACUACA
hsa-let-7i-5p,UGAGGUAGUAGUUUGUGCUGUU
hsa-miR-363-3p,AAUUGCACGGUAUCCAUCUGUA
hsa-miR-543,AAACAUUCGCGGUGCACUUCUU
hsa-miR-19a-3p,UGUGCAAAUCUAUGCAAAACUGA
hsa-miR-181b-5p,AACAUUCAUUGCUGUCGGUGGGU
hsa-miR-26a-2-3p,CCUAUUCUUGAUUACUUGUUUC
hsa-let-7c-5p,UGAGGUAGUAGGUUGUAUGGUU
hsa-miR-34c-5p,AGGCAGUGUAGUUAGCUGAUUGC
hsa-miR-190a-5p,UGAUAUGUUUGAUAUAUUAGGU
hsa-miR-130a-3p,CAGUGCAAUGUUAAAAGGGCAU
hsa-miR-301a-3p,CAGUGCAAUAGUAUUGUCAAAGC
hsa-miR-133b,UUUGGUCCCCUUCAACCAGCUA
hsa-miR-24-1-5p,UGCCUACUGAGCUGAUAUCAGU
hsa-miR-20b-5p,CAAAGUGCUCAUAGUGCAGGUAG
hsa-let-7a-5p,UGAGGUAGUAGGUUGUAUAGUU
hsa-miR-497-5p,CAGCAGCACACUGUGGUUUGU
hsa-miR-15b-5p,UAGCAGCACAUCAUGGUUUACA
hsa-miR-197-3p,UUCACCACCUUCUCCACCCAGC
hsa-miR-590-5p,GAGCUUAUUCAUAAAAGUGCAG
hsa-miR-196b-5p,UAGGUAGUUUCCUGUUGUUGGG
